artist_name,track_name,track_id,popularity,year,genre,danceability,energy,key,loudness,mode,speechiness,acousticness,instrumentalness,liveness,valence,tempo,duration_ms,time_signature,album,Cluster
The Weeknd,Alone Again,6b5P51m8xx2XA6U7sdNZ5E,69,2020,pop,0.218,0.652,4,-7.953,0,0.0641,0.033,0.111,0.172,0.0599,65.375,250053,4,After Hours,1
The Weeknd,In Your Eyes,7szuecWAPwGoV1e5vGu8tl,78,2020,pop,0.667,0.719,7,-5.371,0,0.0346,0.00285,8.1e-05,0.0736,0.717,100.021,237520,4,After Hours,1
The Weeknd,Save Your Tears,5QO79kh1waicV47BqGRL3g,87,2020,pop,0.68,0.826,0,-5.487,1,0.0309,0.0212,1.24e-05,0.543,0.644,118.051,215627,4,After Hours,1
The Weeknd,Heartless,6bnF93Rx87YqUBLSgjiMU8,84,2020,pop,0.537,0.746,10,-5.507,0,0.15,0.0236,1.01e-06,0.156,0.252,170.062,198267,4,After Hours,0
The Weeknd,Blinding Lights,0VjIjW4GlUZAMYd2vXMi3b,90,2020,pop,0.514,0.73,1,-5.934,1,0.0598,0.00146,9.54e-05,0.0897,0.334,171.005,200040,4,After Hours,0
The Weeknd,After Hours,2p8IUWQDrpjuFltbdgLOag,85,2020,pop,0.664,0.572,5,-6.099,0,0.0305,0.0811,0.00604,0.121,0.143,108.959,361027,4,After Hours,0
Travis Scott,Apple Pie,6scpNkWEmUxmKY7nYjVLsX,62,2015,house,0.655,0.496,3,-4.139,0,0.0364,0.0335,0.0,0.156,0.28,137.945,219360,4,Rodeo,0
Travis Scott,Antidote,1wHZx0LgzFHyeIZkUydNXq,71,2015,house,0.713,0.526,1,-5.046,1,0.032,0.00767,0.000148,0.124,0.131,131.05,262693,4,Rodeo,0
Travis Scott,I Can Tell,2hiuiI3ac0I5kJWtkeGHEL,55,2015,house,0.696,0.8,2,-5.68,1,0.0324,0.000819,0.0,0.0954,0.0635,110.013,235533,4,Rodeo,0
Travis Scott,Pornography,2QeQNF182V61Im0QpjdVta,58,2015,house,0.603,0.649,11,-5.887,1,0.117,0.105,0.0,0.712,0.343,128.815,231827,4,Rodeo,1
Taylor Swift,Call It What You Want,1GwMQaZz6Au3QLDbjbMdme,73,2017,pop,0.598,0.504,9,-9.874,1,0.0731,0.186,0.000221,0.34,0.252,163.954,203507,4,Reputation,0
Taylor Swift,Look What You Made Me Do,1P17dC1amhFzptugyAO7Il,78,2017,pop,0.766,0.709,9,-6.471,0,0.123,0.204,1.41e-05,0.126,0.506,128.07,211853,4,Reputation,0
Taylor Swift,End Game,2x0WlnmfG39ZuDmstl9xfX,73,2017,pop,0.649,0.589,2,-6.237,1,0.0558,0.00845,0.0,0.108,0.151,159.073,244827,4,Reputation,0
Taylor Swift,Delicate,6NFyWDv5CjfwuzoCkw47Xf,78,2017,pop,0.75,0.404,9,-10.178,0,0.0682,0.216,0.000357,0.0911,0.0499,95.045,232253,4,Reputation,0
Taylor Swift,Gorgeous,1ZY1PqizIl78geGM4xWlEA,77,2017,pop,0.8,0.535,7,-6.684,1,0.135,0.0713,9.48e-06,0.213,0.451,92.027,209680,4,Reputation,0
Drake,Emotionless,5Psnhdkyanjpgc2P8A5TSM,63,2018,hip-hop,0.414,0.677,1,-5.12,1,0.254,0.0248,0.0,0.0793,0.0853,172.521,302173,4,Scorpion,0
Drake,Blue Tint,4n1bdaKwynQndm47x5HqWX,63,2018,hip-hop,0.889,0.372,7,-10.254,0,0.357,0.013,0.0,0.184,0.123,133.997,162800,4,Scorpion,0
Drake,In My Feelings,2G7V7zsVDxg1yRsu7Ew9RJ,74,2018,hip-hop,0.835,0.626,1,-5.833,1,0.125,0.0589,6e-05,0.396,0.35,91.03,217925,4,Scorpion,0
Drake,Nice For What,3CA9pLiwRIGtUBiMjbZmRw,76,2018,hip-hop,0.585,0.909,8,-6.474,1,0.0707,0.0891,9.7e-05,0.119,0.758,93.372,210747,4,Scorpion,1
Drake,Elevate,3szf2z1Cy1QMrtHrbn8rz9,59,2018,hip-hop,0.758,0.474,1,-8.72,1,0.147,0.0152,0.0,0.116,0.0542,76.061,184960,4,Scorpion,0
Drake,Summer Games,4HG1YiGBseVKzjyKcmAJen,58,2018,hip-hop,0.776,0.482,1,-11.269,1,0.0357,0.477,0.0456,0.11,0.134,136.008,247893,4,Scorpion,0
Drake,That’s How You Feel,41a7dZcq30Ss5kPMayWRV0,63,2018,hip-hop,0.85,0.473,10,-5.747,0,0.209,0.117,0.0103,0.108,0.38,85.454,157605,4,Scorpion,0
Drake,Nonstop,0TlLq3lA83rQOYtrqBqSct,77,2018,hip-hop,0.912,0.412,7,-8.074,1,0.123,0.0165,0.0126,0.104,0.423,154.983,238614,4,Scorpion,0
Drake,Peak,11L064movtyopGdLiX4sVg,57,2018,hip-hop,0.687,0.218,9,-13.539,0,0.0388,0.85,0.000125,0.106,0.269,91.991,206027,4,Scorpion,3
Drake,Can’t Take A Joke,1dUHF4RyMmMTveJ0Rby6Xm,67,2018,hip-hop,0.761,0.598,10,-7.249,0,0.182,0.126,0.0,0.0839,0.446,173.897,163974,4,Scorpion,0
Drake,Finesse,2WP8G2pdddDmnh1xbfKBOI,73,2018,hip-hop,0.807,0.319,0,-8.152,0,0.0581,0.133,0.000338,0.101,0.299,94.992,182080,4,Scorpion,0
Drake,Survival,2yg9UN4eo5eMVJ7OB4RWj3,58,2018,hip-hop,0.555,0.596,9,-9.09,0,0.375,0.133,0.0,0.123,0.145,77.324,136187,4,Scorpion,0
Drake,Jaded,4c2xt1trwYZpMqPWY35Xi9,67,2018,hip-hop,0.764,0.271,0,-5.697,1,0.0414,0.037,0.0,0.175,0.0371,116.019,262453,4,Scorpion,0
Drake,Final Fantasy,44Du2IM1bGY7dicmLfXbUs,54,2018,hip-hop,0.5,0.449,0,-10.977,1,0.442,0.422,7.96e-06,0.115,0.104,144.206,219960,1,Scorpion,3
Drake,Sandra’s Rose,6cblRiEGDRNZgowcm951R3,62,2018,hip-hop,0.486,0.849,1,-5.432,1,0.246,0.0481,0.0,0.143,0.519,152.086,216333,4,Scorpion,1
Drake,Mob Ties,7rC5Pl8rQSX4myONQHYPBK,68,2018,hip-hop,0.754,0.575,4,-8.393,0,0.0682,0.045,0.00131,0.276,0.491,86.009,205147,4,Scorpion,0
Drake,Ratchet Happy Birthday,4SUwJA3eUVNHExxMPEUhQe,52,2018,hip-hop,0.657,0.571,2,-12.519,1,0.139,0.11,0.00123,0.0735,0.622,167.958,207307,4,Scorpion,0
Drake,Is There More,1Tnw0ItH1Macok8gblnPPd,54,2018,hip-hop,0.708,0.547,1,-7.607,1,0.314,0.727,0.0,0.159,0.549,83.8,226907,4,Scorpion,3
Drake,March 14,09lmraDvzBT3pUQ2rUtJzK,52,2018,hip-hop,0.558,0.414,10,-7.355,0,0.358,0.405,0.0,0.36,0.318,127.094,309560,4,Scorpion,3
Drake,8 Out Of 10,0zqy3ss4CwD6u4QPksS0nI,58,2018,hip-hop,0.527,0.689,2,-7.87,1,0.741,0.161,0.0,0.498,0.31,170.538,195720,4,Scorpion,3
The Weeknd,Privilege,0Nwar8rweBUyfyuoyjjUvk,67,2018,pop,0.404,0.564,11,-7.013,0,0.0344,0.915,0.00252,0.134,0.371,93.631,170573,4,"My Dear Melancholy,",3
The Weeknd,Call Out My Name,09mEdoA6zrmBPgTEN5qXmN,87,2018,pop,0.461,0.593,1,-4.954,1,0.0356,0.17,0.0,0.307,0.175,134.17,228373,3,"My Dear Melancholy,",1
The Weeknd,Hurt You,6QdnKD1zwEgyOWtkrdzlOF,74,2018,pop,0.476,0.718,5,-7.227,0,0.149,0.263,0.00261,0.109,0.361,183.932,230027,4,"My Dear Melancholy,",0
The Weeknd,I Was Never There,1cKHdTo9u0ZymJdPGSh6nq,88,2018,pop,0.323,0.737,10,-4.008,1,0.0338,0.142,0.000162,0.163,0.155,113.26,241067,4,"My Dear Melancholy,",1
The Weeknd,Wasted Times,7DKS0rX27cCEPsK0R6tFWS,72,2018,pop,0.56,0.678,10,-6.167,0,0.0581,0.61,1.42e-05,0.111,0.29,122.585,220293,4,"My Dear Melancholy,",3
The Weeknd,Try Me,4ppTAJUbNXELZcoUaL90wo,74,2018,pop,0.456,0.679,8,-5.778,0,0.064,0.596,0.000573,0.129,0.107,92.026,221107,4,"My Dear Melancholy,",3
Yo Yo Honey Singh,Desi Kalakaar,7m4CgL81VVIHaaiSxyH922,67,2014,hip-hop,0.751,0.67,0,-4.587,1,0.267,0.0796,0.00018,0.0908,0.766,156.062,253353,4,Desi Kalakaar,0
Yo Yo Honey Singh,Blue Eyes,7wW9scVNLYFLsmBb1yAUmS,67,2013,hip-hop,0.77,0.51,10,-5.469,0,0.192,0.137,0.000106,0.0346,0.533,188.067,220944,4,Desi Kalakaar,0
Yo Yo Honey Singh,Love Dose,1QZRCi2Z1DQQaR6bGAzhtN,68,2014,hip-hop,0.843,0.768,11,-4.554,0,0.117,0.256,0.0,0.614,0.662,139.998,224444,4,Desi Kalakaar,1
Yo Yo Honey Singh,Lungi Dance,3VXh3jYTW3lTxtXRnu2TKP,57,2013,hip-hop,0.684,0.958,1,-4.793,1,0.264,0.314,1.94e-06,0.618,0.817,163.95,275399,4,Desi Kalakaar,1
Playboi Carti,Not PLaying,03rcC8SVxCa9UdY5qgkITe,59,2020,hip-hop,0.815,0.762,2,-5.045,1,0.219,0.00821,0.0,0.337,0.317,140.092,130306,4,Whole Lotta Red,0
Playboi Carti,No Sl33p,6i6whmV36EJmxs5zFahMrb,59,2020,hip-hop,0.719,0.852,0,-5.232,1,0.149,0.024,0.0,0.123,0.432,151.867,88547,4,Whole Lotta Red,0
Playboi Carti,Sky,29TPjc8wxfz4XMn21O7VsZ,81,2020,hip-hop,0.785,0.903,2,-4.184,1,0.21,0.258,0.0,0.169,0.565,139.98,193234,4,Whole Lotta Red,1
Playboi Carti,Vamp Anthem,4CzhtKifG867Lu5DNQVBSA,77,2020,hip-hop,0.642,0.69,11,-5.101,1,0.261,0.00599,1.3e-06,0.322,0.641,164.075,124094,4,Whole Lotta Red,1
Playboi Carti,Stop Breathing,2lLG56qpLP3UbcLuzMvkWX,73,2020,hip-hop,0.856,0.57,9,-4.486,1,0.286,0.00637,0.0,0.0984,0.155,154.967,218943,4,Whole Lotta Red,0
Playboi Carti,Over,08dz3ygXyFur6bL7Au8u8J,65,2020,hip-hop,0.622,0.946,7,-3.593,0,0.0534,0.044,0.0,0.0838,0.336,130.07,166234,4,Whole Lotta Red,1
Playboi Carti,King Vamp,2iqHcRoOfLl1fXCf1bGO0J,59,2020,hip-hop,0.691,0.756,8,-5.638,0,0.352,0.0117,0.0,0.257,0.396,144.188,186776,4,Whole Lotta Red,0
Playboi Carti,Punk Monk,5fSZXFOZfPVW9gvnnG4ZVW,59,2020,hip-hop,0.699,0.408,10,-7.916,0,0.352,0.0145,0.00155,0.123,0.139,76.444,229700,4,Whole Lotta Red,0
Playboi Carti,ILoveUIHateU,1BpKJw4RZxaFB88NE5uxXf,76,2020,hip-hop,0.684,0.693,4,-6.651,0,0.0339,0.00534,0.0,0.506,0.108,134.988,135122,4,Whole Lotta Red,1
Playboi Carti,New Tank,4txKMpsSfZRV6durPuHVq0,73,2020,hip-hop,0.819,0.638,10,-4.831,0,0.226,0.031,0.000116,0.152,0.167,150.993,89741,4,Whole Lotta Red,0
Playboi Carti,Meh,15JRvf02KKGHKgC31jrpuh,67,2020,hip-hop,0.764,0.512,1,-6.814,1,0.3,0.00158,0.0,0.0899,0.586,81.541,118500,4,Whole Lotta Red,0
Playboi Carti,Control,78YTl0P96kBCBXUSzKoqAm,60,2020,hip-hop,0.705,0.752,7,-6.87,1,0.095,0.0283,0.0,0.299,0.305,142.051,197790,4,Whole Lotta Red,0
Playboi Carti,Rockstar Made,3cWmqvMwVQKDigWLSZ3w9h,70,2020,hip-hop,0.773,0.612,8,-5.73,1,0.232,0.0398,0.0,0.142,0.381,149.999,193575,4,Whole Lotta Red,0
Playboi Carti,F33l Lik3 Dyin,1xVVYE1ahLotRpppJViVzs,58,2020,hip-hop,0.733,0.703,11,-6.451,1,0.0906,0.205,1.62e-05,0.158,0.0966,141.047,204437,4,Whole Lotta Red,0
Playboi Carti,Beno!,4CYTQpr2jc4uBScYvpEK2w,62,2020,hip-hop,0.923,0.562,1,-7.357,1,0.304,0.0213,0.0,0.0726,0.499,144.067,153333,4,Whole Lotta Red,0
Playboi Carti,Slay3r,1eMNW1HQjF1dbb4GtnmpaX,61,2020,hip-hop,0.885,0.661,4,-5.062,0,0.141,0.165,0.0,0.334,0.436,140.028,164591,4,Whole Lotta Red,0
Playboi Carti,On That Time,3dl8bSF08LQfCf4T6CCksf,70,2020,hip-hop,0.598,0.476,0,-3.673,1,0.0333,0.00584,0.0,0.265,0.0545,150.078,102422,4,Whole Lotta Red,0
Playboi Carti,New N3on,7ejepEh5DJ79YI6owGRfkk,63,2020,hip-hop,0.888,0.833,6,-6.546,0,0.0737,0.0631,0.0,0.106,0.948,130.054,116361,4,Whole Lotta Red,1
Playboi Carti,Die4Guy,7rbalRuIx7sIXFHYTphE0n,60,2020,hip-hop,0.759,0.67,1,-5.188,0,0.0589,0.00471,0.0,0.0889,0.418,148.938,131248,4,Whole Lotta Red,0
Playboi Carti,JumpOutTheHouse,0cgD36xPIJBdKUNJRHYDgP,62,2020,hip-hop,0.87,0.461,1,-5.786,1,0.201,0.00456,0.0,0.11,0.485,144.053,93385,4,Whole Lotta Red,0
Playboi Carti,Place,1Bg2CNZw6S4e9cGWPmi0uI,64,2020,hip-hop,0.891,0.628,1,-6.35,1,0.105,0.000674,0.0,0.119,0.04,131.06,117240,4,Whole Lotta Red,0
The Weeknd,The Birds Pt. 2,6gfkhHmnoyzacIGNCItJLT,47,2012,pop,0.296,0.518,9,-9.571,0,0.0489,0.745,3.31e-05,0.462,0.0755,183.672,350640,4,Trilogy,3
The Weeknd,House Of Balloons / Glass Table Girls,4JQpghvT0ZH2WLRqzlPUC7,47,2012,pop,0.65,0.711,0,-5.417,1,0.0377,0.0123,0.00943,0.301,0.319,89.019,405213,4,Trilogy,1
The Weeknd,Same Old Song,4kXHKCjfH948GiiRYW0Nje,44,2012,pop,0.771,0.56,5,-5.636,0,0.0692,0.415,4.86e-05,0.536,0.389,109.978,312053,4,Trilogy,1
The Weeknd,Life Of The Party,2EaCAukrrKkrBFqX20S13z,46,2012,pop,0.554,0.696,9,-7.664,1,0.0335,0.0237,4.51e-05,0.505,0.446,138.051,296227,4,Trilogy,1
The Weeknd,High For This,0a3T2HEIV4jTjhzNkM6eRx,45,2012,pop,0.465,0.403,11,-8.895,0,0.0755,0.744,0.000667,0.0777,0.0687,74.95,247227,4,Trilogy,3
The Weeknd,What You Need,3PjV4RnfKc42S1wmJKM11G,48,2012,pop,0.657,0.405,0,-8.637,0,0.0584,0.525,0.072,0.146,0.0673,133.895,196360,4,Trilogy,0
The Weeknd,Initiation,0t6YSfgQNIDLMm3wsd2dti,42,2012,pop,0.659,0.526,1,-7.318,1,0.14,0.45,0.0,0.292,0.495,139.748,260693,4,Trilogy,3
The Weeknd,Coming Down,02x8VKdgfHC383faTfQAxr,45,2012,pop,0.665,0.612,2,-4.664,0,0.0314,0.487,0.000194,0.183,0.25,120.989,295453,4,Trilogy,0
The Weeknd,Outside,5MBgvEwM7cDTZ3gcmv7rha,43,2012,pop,0.565,0.446,0,-9.26,0,0.0531,0.693,0.0,0.469,0.266,140.121,260093,4,Trilogy,3
The Weeknd,The Party & The After Party,7GgfQ0edpSP6C7xnX3Y2df,46,2012,pop,0.438,0.634,5,-7.456,0,0.337,0.476,0.0,0.113,0.397,203.585,459387,4,Trilogy,3
The Weeknd,The Knowing,4q66GCtQ5bFPXljPsQ4FcR,41,2012,pop,0.451,0.573,6,-8.277,0,0.0303,0.571,0.00744,0.172,0.087,85.921,340333,4,Trilogy,3
The Weeknd,The Birds Pt. 1,131D82JKDf853plcJlXC3R,47,2012,pop,0.571,0.692,0,-6.656,0,0.0545,0.0245,0.0,0.0813,0.22,127.937,214187,4,Trilogy,0
The Weeknd,Loft Music,3sk0k4PXonU7K2N4S6FHXF,42,2012,pop,0.287,0.498,6,-7.523,0,0.177,0.581,7.56e-05,0.322,0.0634,171.725,363640,4,Trilogy,3
The Weeknd,D.D.,0d2nqd8iWUX0BpLo6Lg2C8,47,2012,pop,0.68,0.707,7,-7.225,0,0.0987,0.479,0.0,0.511,0.382,119.993,275493,4,Trilogy,1
The Weeknd,Twenty Eight,57EfhTf4Y66rO4rIJWRJGY,52,2012,pop,0.639,0.633,3,-7.338,0,0.0352,0.574,0.000218,0.111,0.243,129.996,258453,4,Trilogy,0
The Weeknd,Montreal,3FYfshAFAYbLfdYAXs7Pik,45,2012,pop,0.497,0.803,5,-4.46,0,0.132,0.0447,1.77e-05,0.424,0.155,183.883,250520,4,Trilogy,1
The Weeknd,Next,0M46BR7Uwi3Sa0LJjWRXW9,44,2012,pop,0.63,0.682,6,-7.317,1,0.0551,0.715,0.0,0.115,0.391,112.077,360107,4,Trilogy,3
The Weeknd,The Fall,1oi2i4PEK3VzYILRBd77UT,42,2012,pop,0.464,0.688,1,-7.444,1,0.0549,0.248,0.000261,0.629,0.183,75.054,345160,4,Trilogy,1
The Weeknd,Lonely Star,6nNr7G34ZmUpyIiYWpQzgP,46,2012,pop,0.458,0.705,4,-5.463,0,0.0672,0.395,0.0195,0.601,0.15,157.97,349213,4,Trilogy,1
The Weeknd,Thursday,1dAHj1Z2jfYh6iN59WZ7Oj,43,2012,pop,0.307,0.625,5,-8.983,0,0.062,0.472,0.000577,0.144,0.183,180.467,320027,3,Trilogy,3
The Weeknd,XO / The Host,3Jyuyj1LyN75nBszU0Ojqh,47,2012,pop,0.438,0.593,2,-7.786,1,0.049,0.375,1.8e-05,0.388,0.0791,127.994,443987,4,Trilogy,1
The Weeknd,Gone,7CSMkguLrQT6z5VlTqJvIb,43,2012,pop,0.494,0.697,7,-7.232,0,0.309,0.708,0.000405,0.0602,0.344,107.669,486773,4,Trilogy,3
The Weeknd,Rolling Stone,3DpeUhOXKCf2Qwy8KMtWSy,45,2012,pop,0.693,0.323,3,-11.97,0,0.0306,0.405,2.19e-05,0.149,0.669,129.964,230547,4,Trilogy,0
The Weeknd,Wicked Games,4PouRT4KlI9TRHp45uMqdO,50,2012,pop,0.658,0.591,9,-5.197,1,0.0309,0.00959,5.27e-06,0.325,0.326,114.078,323747,4,Trilogy,0
The Weeknd,The Morning,1fWHv2gMrEGfBnBvio4yEp,49,2012,pop,0.652,0.549,6,-7.555,0,0.039,0.317,0.0,0.104,0.186,120.073,312427,4,Trilogy,0
The Weeknd,The Zone,1p3vijWl4pezgUtyCmCVln,51,2012,pop,0.619,0.521,3,-8.092,0,0.0744,0.26,0.000542,0.101,0.254,139.886,418507,4,Trilogy,0
KISS,Flaming Youth,0BrD1dIqDRCGcOxLVJQfZ8,41,1976,hard-rock,0.557,0.862,6,-7.892,1,0.0582,0.109,2.11e-06,0.0529,0.655,129.719,178933,4,Destroyer,1
KISS,Do You Love Me,6KbSviXtYJuPG3FbTvJZSI,45,1976,hard-rock,0.457,0.915,3,-5.876,1,0.0808,0.0623,3.48e-06,0.0778,0.446,126.695,213000,4,Destroyer,1
KISS,Rock And Roll Party,35bcmlIsxL5R8LNpwLSQOS,29,1976,hard-rock,0.174,0.43,3,-25.17,0,0.0515,0.951,0.936,0.93,0.0242,91.827,85333,4,Destroyer,2
KISS,Sweet Pain,3sb0xLwjjEjKaS7a80cWbq,32,1976,hard-rock,0.422,0.877,11,-7.747999999999997,1,0.0934,0.0441,0.0,0.414,0.501,131.64,200453,4,Destroyer,1
KISS,Beth,1cPXOzyeZauSAsT1yy7aBp,61,1976,hard-rock,0.387,0.238,0,-13.496,1,0.0339,0.878,0.000715,0.194,0.279,115.354,165667,4,Destroyer,3
KISS,God Of Thunder,2CJ9wTckMqRjjVVSLTs8QZ,49,1976,hard-rock,0.414,0.878,11,-6.157,1,0.0378,0.272,0.000332,0.456,0.438,99.804,253840,4,Destroyer,1
KISS,God Of Thunder,0FeYyA0W6i4Vi3NGNnUkHX,24,1978,hard-rock,0.392,0.745,11,-8.156,1,0.0321,0.0169,0.000103,0.366,0.401,99.303,254693,4,Destroyer,1
KISS,Detroit Rock City,2jz6rWGqVCYsymwxGoaON4,69,1978,hard-rock,0.546,0.9,5,-6.728,1,0.0691,0.0421,4.57e-05,0.292,0.447,90.591,215933,4,Destroyer,1
KISS,Detroit Rock City,4DmBwHmp0FVO6NJ9QfH2w2,51,1976,hard-rock,0.466,0.922,0,-7.847,0,0.157,0.0871,0.000838,0.69,0.201,91.122,318200,4,Destroyer,1
KISS,Detroit Rock City,3uz0O62HqYoyRiWZjS61KK,46,1988,hard-rock,0.479,0.847,0,-11.036,0,0.0984,0.00884,0.000206,0.144,0.317,90.654,228560,4,Destroyer,1
KISS,King Of The Night Time World,3gsoInre1B3i1PJUmhvDYH,37,1976,hard-rock,0.404,0.958,11,-4.4830000000000005,1,0.108,0.0238,0.00137,0.334,0.176,137.77100000000002,199000,4,Destroyer,1
KISS,Shout It Out Loud,3qyHjQ1zTLvPeA99CP3K9N,49,1976,hard-rock,0.5710000000000001,0.953,3,-5.002,1,0.0568,0.124,5.57e-06,0.35,0.682,135.599,169027,4,Destroyer,1
KISS,Great Expectations,1hKrF3jis35rUsuLXw6yWj,33,1976,hard-rock,0.489,0.675,3,-7.474,1,0.0359,0.535,7.56e-06,0.165,0.386,114.535,264800,4,Destroyer,3
21 Savage,Savage Mode,52hRcWmjRNFuVJv3Qi7EeF,59,2016,hip-hop,0.782,0.359,0,-9.335,0,0.283,0.199,0.00105,0.106,0.0708,143.041,249587,4,Savage Mode,0
21 Savage,No Heart,4gmmRb6bZJffOOiww1JGTO,72,2016,hip-hop,0.906,0.444,4,-8.692,0,0.384,0.136,6.440000000000001e-05,0.173,0.6779999999999999,140.063,235040,4,Savage Mode,0
21 Savage,No Advance,2kE82JhBcoS7mimFO1SqqX,57,2016,hip-hop,0.8290000000000001,0.357,1,-11.543,1,0.28,0.104,8.35e-05,0.0799,0.0391,108.09,276467,4,Savage Mode,0
21 Savage,Ocean Drive,1UyLFPOIG7E1OfamPQLOfD,58,2016,hip-hop,0.764,0.525,4,-7.4860000000000015,0,0.181,0.126,0.000545,0.116,0.136,137.984,227880,4,Savage Mode,0
21 Savage,My Choppa Hate Niggas,2D2w9943rsnJOGCrI4aMQp,64,2017,hip-hop,0.862,0.274,0,-5.818,0,0.484,0.0974,0.185,0.183,0.146,77.493,148640,4,Savage Mode,0
Tame Impala,The Less I Know The Better,6K4t31amVTZDgR3sKmwUJJ,85,2015,pop,0.64,0.74,4,-4.083,1,0.0284,0.0115,0.00678,0.1669999999999999,0.785,116.879,216320,4,Currents,1
Tame Impala,Feels Like We Only Go Backwards,0LtOwyZoSNZKJWHqjzADpW,76,2012,pop,0.303,0.9,2,-2.352,0,0.0574,0.0277,0.635,0.11,0.491,149.50799999999995,192960,4,Currents,2
Tame Impala,Eventually,5M4yti0QxgqJieUYaEXcpw,67,2015,pop,0.424,0.615,9,-6.2170000000000005,0,0.0325,0.0158,0.000389,0.0844,0.155,77.935,318591,4,Currents,0
Tame Impala,Let It Happen,2X485T9Z5Ly0xyaghN73ed,76,2015,pop,0.602,0.8809999999999999,1,-5.875,0,0.0443,0.00462,0.0266,0.111,0.5770000000000001,125.012,467587,4,Currents,1
Tame Impala,Borderline,5hM5arv9KDbCHS0k9uqwjr,80,2020,pop,0.621,0.873,5,-3.067,0,0.0369,0.0406,9.1e-06,0.0824,0.873,97.96,237800,4,Currents,1
Travis Scott,Never Catch Me,3jg8bevUzKYONDLBBQquif,57,2015,hip-hop,0.527,0.521,10,-8.341000000000001,0,0.033,0.0114,0.0232,0.1669999999999999,0.127,99.438,176160,4,Rodeo,0
Travis Scott,I Can Tell,2hiuiI3ac0I5kJWtkeGHEL,59,2015,hip-hop,0.696,0.8,2,-5.68,1,0.0324,0.000819,0.0,0.0954,0.0635,110.013,235533,4,Rodeo,0
Travis Scott,Impossible,0IabpxMpUV7waD7U4uDIMJ,63,2015,hip-hop,0.507,0.464,3,-8.531,0,0.171,0.398,2.62e-05,0.603,0.277,147.984,242507,4,Rodeo,3
Travis Scott,Antidote,1wHZx0LgzFHyeIZkUydNXq,77,2015,hip-hop,0.713,0.526,1,-5.046,1,0.032,0.00767,0.000148,0.124,0.131,131.05,262693,4,Rodeo,0
Travis Scott,Apple Pie,6scpNkWEmUxmKY7nYjVLsX,64,2015,hip-hop,0.655,0.496,3,-4.138999999999999,0,0.0364,0.0335,0.0,0.156,0.28,137.945,219360,4,Rodeo,0
Travis Scott,Pornography,2QeQNF182V61Im0QpjdVta,61,2015,hip-hop,0.603,0.649,11,-5.8870000000000005,1,0.117,0.105,0.0,0.7120000000000001,0.343,128.815,231827,4,Rodeo,1
Travis Scott,HIGHEST IN THE ROOM,3eekarcy7kvN4yt5ZFzltW,80,2019,house,0.598,0.427,7,-8.764,0,0.0317,0.0546,5.83e-06,0.21,0.0605,76.469,175721,4,Single,0
Travis Scott,SICKO MODE,2xLMifQCjDGFmkHkpNLD9h,81,2018,house,0.834,0.73,8,-3.714,1,0.222,0.00513,0.0,0.124,0.446,155.008,312820,4,Astoworld,0
Travis Scott,BUTTERFLY EFFECT,2cYqizR4lgvp4Qu6IQ3qGN,77,2018,house,0.763,0.628,11,-5.85,1,0.05,0.0531,0.0,0.114,0.193,140.958,190557,4,Astoworld,0
Travis Scott,5% TINT,11kDth1aKUEUMq9r1pqyds,76,2018,house,0.712,0.481,4,-5.415,0,0.0487,0.173,0.0,0.241,0.062,140.0,196138,4,Astoworld,0
Travis Scott,CAN'T SAY,27a1mYSG5tYg7dmEjWBcmL,76,2018,house,0.702,0.708,10,-5.366,0,0.0547,0.201,0.0,0.118,0.713,147.98,198408,4,Astoworld,0
Travis Scott,SKELETONS,6NMtzpDQBTOfJwMzgMX0zl,71,2018,house,0.46,0.686,0,-5.948,0,0.0367,0.00146,0.0,0.375,0.252,148.054,145588,4,Astoworld,1
Travis Scott,YOSEMITE,7lAK3oHbfEnvUQWosrMMpR,73,2018,house,0.785,0.554,0,-6.571,1,0.0409,0.283,3.4e-06,0.116,0.144,128.047,150043,4,Astoworld,0
Travis Scott,ASTROTHUNDER,4MXhiYIRDMGAuvZc5IFTwC,72,2018,house,0.7,0.46,4,-8.111,0,0.0661,0.142,4.81e-05,0.111,0.286,151.901,142969,4,Astoworld,0
Travis Scott,STARGAZING,7wBJfHzpfI3032CSD7CE2m,73,2018,house,0.487,0.789,8,-3.69,1,0.044,0.00947,4.05e-06,0.189,0.0564,150.007,270715,4,Astoworld,0
Travis Scott,NO BYSTANDERS,6OaVWaGfhXn70ZJfdVcabn,70,2018,house,0.731,0.811,1,-3.225,1,0.0712,0.0204,0.0,0.411,0.426,147.045,218284,4,Astoworld,1
Travis Scott,COFFEE BEAN,6vnfObZ4Ys70SBAtti1xZ9,68,2018,house,0.81,0.582,5,-5.098,0,0.125,0.0862,0.00681,0.207,0.503,95.004,209116,4,Astoworld,0
Travis Scott,WAKE UP,20MuVazoNMv6xjKPnRFOxG,67,2018,house,0.741,0.645,11,-5.116,0,0.0963,0.192,0.0,0.163,0.488,149.07,231964,4,Astoworld,0
Travis Scott,HOUSTONFORNICATION,58TaFP5j5i9swOf584yon2,67,2018,house,0.689,0.723,0,-4.052,0,0.0836,0.0985,0.0,0.158,0.288,160.042,217828,4,Astoworld,0
Travis Scott,STOP TRYING TO BE GOD,1xYpVRspgaLxdJLOTQkTjg,67,2018,house,0.588,0.567,4,-3.738,0,0.0628,0.221,0.0,0.135,0.113,150.009,338438,4,Astoworld,0
Travis Scott,WHO? WHAT!,4KYS9GK68yeuUJ8vJfPxrq,65,2018,house,0.834,0.731,10,-5.603,0,0.0566,0.0462,0.0,0.0731,0.681,140.001,176720,4,Astoworld,0
Travis Scott,Watch (feat. Lil Uzi Vert & Kanye West),3DoBTwfr8yi2LN08SBpFkN,62,2018,house,0.706,0.559,4,-5.216,0,0.0416,0.0372,0.0,0.379,0.252,78.534,217405,4,Astoworld,0
Travis Scott,NC-17,6BJbOXDlgVAXSaq6wYFYT2,63,2018,house,0.804,0.763,2,-5.48,1,0.0519,0.0678,0.0,0.368,0.0585,136.052,156886,4,Astoworld,0
Kanye West,Drunk and Hot Girls,4Sw4lblE6aXpoOJma6Mlx5,56,2007,hip-hop,0.6609999999999999,0.442,10,-7.2970000000000015,0,0.0285,0.0697,1.15e-05,0.136,0.299,82.758,313227,4,Graduation,0
Kanye West,Everything I Am,2T8bL4YC49Ska1yl74qcS0,65,2007,hip-hop,0.631,0.623,8,-6.968999999999999,1,0.265,0.463,1.7e-06,0.151,0.765,80.23,227893,4,Graduation,3
Kanye West,Homecoming,2ovQ5MCx91XVjgVWEPfvks,72,2007,hip-hop,0.667,0.747,1,-7.059,1,0.189,0.337,0.0,0.115,0.918,86.917,203493,4,Graduation,1
Kanye West,I Wonder,4jQqM4NI79HEcWHUJb8Hvf,69,2007,hip-hop,0.542,0.466,0,-8.665,1,0.0831,0.141,0.000445,0.125,0.124,191.385,243440,4,Graduation,0
Kanye West,Flashing Lights,31I3Rt1bPa2LrE74DdNizO,75,2007,hip-hop,0.639,0.628,6,-7.5779999999999985,0,0.0399,0.0381,0.0,0.386,0.43,90.482,237507,4,Graduation,1
Kanye West,Flashing Lights,2QK4nswjBvmwBXTOLFodDA,48,2007,hip-hop,0.643,0.623,6,-7.605,0,0.0391,0.0316,0.0,0.405,0.436,90.486,237440,4,Graduation,1
Kanye West,Stronger,4fzsfWzRhPawzqhX8Qt9F3,81,2007,hip-hop,0.617,0.7170000000000001,10,-7.858,0,0.153,0.00564,0.0,0.408,0.49,103.992,311867,4,Graduation,1
Kanye West,Stronger,4QcBuV31ukMvsvviytKjWx,52,2007,hip-hop,0.617,0.708,1,-7.872999999999997,1,0.15,0.0065099999999999,0.0,0.404,0.462,103.96,312027,4,Graduation,1
Kanye West,Big Brother,1x6jHJGczTBitBy06hIWgx,57,2007,hip-hop,0.498,0.742,11,-6.2479999999999976,0,0.259,0.214,0.0,0.0641,0.302,78.428,287573,4,Graduation,1
Kanye West,Champion,2aHlRZIGUFThu3eQePm6yI,65,2007,hip-hop,0.693,0.504,6,-8.306000000000001,1,0.238,0.00299,0.0,0.695,0.723,102.139,167600,4,Graduation,1
Kanye West,Barry Bonds,2ipNhjgsoM930FqDFl0ShM,56,2007,hip-hop,0.48,0.624,1,-6.131,1,0.382,0.0451,0.0,0.337,0.7040000000000001,165.05700000000004,204307,4,Graduation,1
Kanye West,Good Life,14blxrgE0VWAgv5aF2wWmx,71,2007,hip-hop,0.439,0.8079999999999999,1,-6.881,1,0.346,0.00305,0.0,0.439,0.487,82.962,207000,4,Graduation,1
Kanye West,Good Life,2l7njxIZf3LEN9k061vcYa,45,2007,hip-hop,0.399,0.745,1,-7.903,1,0.362,0.00274,0.0,0.514,0.449,170.614,206840,4,Graduation,1
Kanye West,Good Morning,5CaXxLM568tBh1PwhXdciZ,70,2007,hip-hop,0.48,0.631,7,-5.488,1,0.116,0.0791,0.000105,0.149,0.515,84.164,195093,4,Graduation,1
Kanye West,Can't Tell Me Nothing,2MIBAmYwiuGoKUlpq9B9sZ,72,2007,hip-hop,0.596,0.62,5,-6.132999999999999,0,0.039,0.0122,0.0,0.82,0.102,80.029,271600,4,Graduation,1
Kanye West,Can't Tell Me Nothing,7LJQOdmw1Z1j3c4vSnIztp,44,2007,hip-hop,0.5920000000000001,0.616,5,-6.138999999999999,0,0.0534,0.0128,0.0,0.6890000000000001,0.0892,80.041,271760,4,Graduation,1
Kanye West,The Glory,795LIYKphBOsvyMh5hZaPk,58,2007,hip-hop,0.423,0.643,6,-7.261,1,0.287,0.0455,0.0,0.172,0.708,84.336,212707,4,Graduation,1
AC/DC,Have a Drink on Me,4dDurgTN3eGyU0ghzFJ0T1,60,1980,hard-rock,0.421,0.889,2,-5.166,1,0.0545,0.0016699999999999,0.00838,0.654,0.424,122.424,238467,4,Back in Black,1
AC/DC,Have a Drink on Me,3mCfSExH1q3d2lLnddgiWV,49,2010,hard-rock,0.415,0.8859999999999999,2,-5.195,1,0.0609,0.00248,0.0016699999999999,0.514,0.395,122.391,238907,4,Back in Black,1
AC/DC,You Shook Me All Night Long,2SiXAy7TuUkycRVbbWDEpo,80,1980,hard-rock,0.532,0.767,7,-5.509,1,0.0574,0.00287,0.000513,0.39,0.755,127.361,210173,4,Back in Black,1
AC/DC,You Shook Me All Night Long,6yl8Es1tCYD9WdSkeVLFw4,69,1986,hard-rock,0.529,0.768,7,-5.51,1,0.0566,0.00224,0.00075,0.297,0.769,127.316,210880,4,Back in Black,1
AC/DC,Shoot to Thrill,0C80GCp0mMuBzLf3EAXqxv,73,1980,hard-rock,0.457,0.904,2,-5.303,1,0.0747,0.000239,0.0879,0.396,0.48,141.03799999999995,317427,4,Back in Black,1
AC/DC,Shoot to Thrill,6GzCkTddOn1vSln1gbSr8y,61,2010,hard-rock,0.453,0.897,2,-5.376,1,0.0705,0.000358,0.0956,0.365,0.4920000000000001,141.167,317800,4,Back in Black,1
AC/DC,What Do You Do for Money Honey,6Th6ND8RQPywiyelecP5Lf,64,1980,hard-rock,0.532,0.858,9,-5.023,1,0.0599,0.00533,2.13e-06,0.7509999999999999,0.495,125.698,215533,4,Back in Black,1
AC/DC,Givin the Dog a Bone,6rAy2MsMUabbqu2VygrblP,58,1980,hard-rock,0.525,0.975,2,-4.372,1,0.0572,0.0704,2.22e-05,0.231,0.736,132.686,211760,4,Back in Black,1
AC/DC,Hells Bells,69QHm3pustz01CJRwdo20z,75,1980,hard-rock,0.389,0.873,4,-4.768,0,0.0475,0.00532,0.0055,0.273,0.303,106.767,312293,4,Back in Black,1
AC/DC,Hells Bells,2P884dqfjksDMSzUZksfrS,56,1986,hard-rock,0.392,0.887,4,-4.7330000000000005,0,0.0463,0.00562,0.00821,0.141,0.282,107.677,312893,4,Back in Black,1
AC/DC,Shake a Leg,2MCUmp0I98gsJBmey7DfZS,56,1980,hard-rock,0.417,0.942,4,-4.225,1,0.0852,0.0234,0.00857,0.317,0.618,152.346,245667,4,Back in Black,1
AC/DC,Back In Black,08mG3Y1vljYA6bvDt4Wqkj,84,1980,hard-rock,0.31,0.7,9,-5.678,1,0.047,0.011,0.00965,0.0828,0.763,188.386,255493,4,Back in Black,1
AC/DC,Rock and Roll Ain't Noise Pollution,6J17MkMmuzBiIOjRH6MOBZ,65,1980,hard-rock,0.5760000000000001,0.659,9,-5.617000000000001,1,0.0383,0.041,0.0,0.0587,0.7170000000000001,94.853,266040,4,Back in Black,1
AC/DC,Let Me Put My Love Into You,5XeMsYb1rWxQL1bUUaZajn,58,1980,hard-rock,0.4,0.902,9,-4.385,1,0.0523,0.115,0.000116,0.139,0.632,105.659,255267,4,Back in Black,1
Pink Floyd,Time,5WSRBdBIgy0ex7arnfNocX,25,2001,psych-rock,0.369,0.519,9,-10.149,1,0.068,0.418,0.00105,0.507,0.35,120.466,408293,4,The Dark Side of the Moon,3
Pink Floyd,Eclipse,0qeWe2cEpQ7OeBXEJhtb6H,43,2011,psych-rock,0.311,0.493,10,-12.346,1,0.0453,0.00633,0.0733,0.0947,0.0931,136.58,111632,3,The Dark Side of the Moon,0
Pink Floyd,Money,38sJx8JlcygtNKWamNVNW4,26,2001,psych-rock,0.477,0.556,11,-10.348,0,0.191,0.0238,0.0026,0.246,0.762,124.159,389507,1,The Dark Side of the Moon,1
Pink Floyd,Us and Them,2z5Xkz03mUw9Nu9b4zrQha,26,2001,psych-rock,0.36,0.317,2,-13.024,1,0.0287,0.871,0.605,0.295,0.15,71.599,471053,4,The Dark Side of the Moon,2
Pink Floyd,Brain Damage,1ARuBQQanRmhqgUcombg3g,20,2011,psych-rock,0.328,0.222,2,-15.899,1,0.0302,0.0259,0.00298,0.474,0.304,133.003,226479,4,The Dark Side of the Moon,1
Pink Floyd,The Great Gig in the Sky,0pa1qPQkefm7LzsLEjG00L,32,2001,psych-rock,0.284,0.284,5,-11.871,1,0.0366,0.719,0.893,0.31,0.209,115.534,280027,4,The Dark Side of the Moon,2
Kanye West,School Spirit Skit 1,25mwJPzWVmS2yronBNQJF1,46,2004,hip-hop,0.648,0.218,8,-15.108,1,0.95,0.326,0.0,0.352,0.642,164.25,78693,4,The College Dropout,3
Kanye West,School Spirit Skit 2,5MAY7XyW322jMwLDtBQgsZ,46,2004,hip-hop,0.716,0.308,5,-12.629,1,0.925,0.334,0.0,0.215,0.83,128.412,43533,4,The College Dropout,3
Kanye West,Graduation Day,7wL7Lb8Q3aYyq6gmRL0PZq,51,2004,hip-hop,0.418,0.447,0,-9.058,0,0.338,0.684,2.1e-06,0.414,0.8690000000000001,169.33599999999996,81787,4,The College Dropout,3
Kanye West,Breathe In Breathe Out,4KFY4EEv9CN6ivrzD6vEvg,52,2004,hip-hop,0.636,0.7,1,-3.099,0,0.421,0.341,0.0,0.161,0.924,88.81700000000002,246933,4,The College Dropout,3
Kanye West,Get Em High,5b2FFKC64kxqcfaFnIZxoM,56,2004,hip-hop,0.614,0.644,11,-5.6720000000000015,0,0.373,0.184,0.0,0.489,0.649,84.788,289493,4,The College Dropout,1
Kanye West,Last Call,7iOhWWYjhhQiXzF4o4HhXN,53,2004,hip-hop,0.473,0.727,8,-6.843,1,0.356,0.5770000000000001,0.0,0.316,0.8540000000000001,83.212,760973,4,The College Dropout,3
Kanye West,Spaceship,1ko2NuvWlQdxtNRc8QQzmT,59,2004,hip-hop,0.507,0.753,5,-5.31,0,0.19,0.503,0.0,0.573,0.657,178.06799999999996,324227,4,The College Dropout,1
Kanye West,Never Let Me Down,34j4OxJxKznBs88cjSL2j9,58,2004,hip-hop,0.459,0.816,11,-4.872,0,0.403,0.423,0.0,0.1689999999999999,0.643,80.293,324440,4,The College Dropout,3
Kanye West,Family Business,5DBmXF7QO43Cuy9yqva116,59,2004,hip-hop,0.7440000000000001,0.524,1,-7.452000000000001,1,0.21,0.139,0.0,0.392,0.606,93.691,278893,4,The College Dropout,1
Kanye West,Lil Jimmy Skit,4BhwlQ9mTwhFGXpQvP9JTV,45,2004,hip-hop,0.64,0.279,10,-12.396,1,0.484,0.8029999999999999,0.0,0.375,0.741,82.475,53640,4,The College Dropout,3
Kanye West,The New Workout Plan,1Vp4St7JcXaUoJcIahtf3L,60,2004,hip-hop,0.7040000000000001,0.792,2,-4.831,1,0.198,0.00981,0.0,0.365,0.6459999999999999,118.022,322800,4,The College Dropout,1
Kanye West,Two Words,62wtttQzoIA9HnNmGVd9Yq,54,2004,hip-hop,0.442,0.807,6,-4.753,1,0.265,0.0158,6.43e-06,0.217,0.446,84.649,266213,4,The College Dropout,1
Kanye West,Through The Wire,4mmkhcEm1Ljy1U9nwtsxUo,69,2004,hip-hop,0.5710000000000001,0.7390000000000001,7,-6.11,1,0.247,0.00865,5.21e-06,0.158,0.66,83.089,221227,4,The College Dropout,1
Kanye West,Workout Plan,2a1JSfTePKhysdIif2bzut,48,2004,hip-hop,0.715,0.288,1,-13.843,1,0.925,0.785,0.0,0.688,0.772,115.114,46173,4,The College Dropout,3
Kanye West,All Falls Down,5SkRLpaGtvYPhw02vZhQQ9,72,2004,hip-hop,0.657,0.7340000000000001,8,-4.832,0,0.484,0.149,0.0,0.139,0.434,91.03,223507,4,The College Dropout,3
Kanye West,All Falls Down,6lUhpV6LjQ5uvcavlCutBF,38,2004,hip-hop,0.654,0.72,8,-4.785,0,0.464,0.125,0.0,0.153,0.472,91.105,223640,4,The College Dropout,3
Kanye West,I'll Fly Away,6MgGapP3EPFm9kYUvYBTZR,51,2004,hip-hop,0.239,0.25,6,-11.414,1,0.0289,0.76,0.0,0.124,0.564,172.338,69707,4,The College Dropout,3
Kanye West,Jesus Walks,5g1vtHqi9uV7xtYeCcFOBx,69,2004,hip-hop,0.637,0.8340000000000001,3,-4.686,0,0.3229999999999999,0.614,0.0,0.317,0.715,87.31200000000004,193733,4,The College Dropout,3
Kanye West,Jesus Walks,2kH3RZN9KdGBj1c1jL3GjO,39,2004,hip-hop,0.623,0.8390000000000001,6,-4.725,1,0.391,0.5710000000000001,0.0,0.293,0.6890000000000001,87.277,193733,4,The College Dropout,3
Kanye West,School Spirit,1th3G3okofWlvGWAAR7Y4V,53,2004,hip-hop,0.483,0.787,5,-5.4220000000000015,0,0.21,0.339,0.0,0.236,0.5920000000000001,84.81,182387,4,The College Dropout,1
Kanye West,We Don't Care,0IW0qaeyxL5Et4UG2MrJKB,59,2004,hip-hop,0.595,0.754,11,-5.827000000000001,0,0.181,0.0142,0.0,0.247,0.647,83.155,239880,4,The College Dropout,1
Kanye West,On Sight,1gqkRc9WtOpnGIqxf2Hvzr,57,2013,hip-hop,0.605,0.469,9,-3.182,0,0.327,0.487,0.0,0.28,0.515,101.601,156480,4,Yeezus,3
Kanye West,Guilt Trip,5nPOM0nFRAJ3XI8xCxNAzO,55,2013,hip-hop,0.439,0.6659999999999999,4,-6.077999999999999,0,0.0754,0.159,9.56e-06,0.129,0.579,137.9,243747,4,Yeezus,1
Kanye West,Black Skinhead,722tgOgdIbNe3BEyLnejw4,74,2013,hip-hop,0.7659999999999999,0.809,1,-6.1229999999999976,1,0.279,0.0011,0.0,0.168,0.325,130.127,188013,4,Yeezus,0
Kanye West,I'm In It,52NmkyHsGsHGb1UX8fTkMg,56,2013,hip-hop,0.485,0.604,1,-4.591,1,0.345,0.141,0.0,0.0668,0.45,170.33700000000005,234853,4,Yeezus,0
Kanye West,New Slaves,4cAgkb0ifwn0FSHGXnr4F6,63,2013,hip-hop,0.506,0.59,1,-4.322,1,0.076,0.165,1.09e-05,0.096,0.359,141.099,256093,4,Yeezus,0
Kanye West,Hold My Liquor,5nIu0VwPOsjkF61zfevLKh,64,2013,hip-hop,0.4970000000000001,0.322,8,-10.358,1,0.0333,0.0194,7.72e-06,0.115,0.04,106.976,326947,4,Yeezus,0
Kanye West,Blood On The Leaves,42GcjriRK6srwHkfbkBqVl,66,2013,hip-hop,0.397,0.69,2,-4.1080000000000005,0,0.195,0.395,0.0,0.101,0.36,172.07299999999995,359800,4,Yeezus,3
Kanye West,Bound 2,3sNVsP50132BTNlImLx70i,72,2013,hip-hop,0.3670000000000001,0.665,1,-2.821,1,0.0465,0.145,0.0,0.113,0.31,148.91299999999995,229147,4,Yeezus,1
Kanye West,I Am A God,0HMCdlOPJkAGlB0MlSWIcO,57,2013,hip-hop,0.51,0.532,4,-7.405,0,0.0715,0.0367,0.000794,0.165,0.305,111.885,231507,4,Yeezus,0
Kanye West,Send It Up,3RKblQNJs8HPvWBgXmq6nn,56,2013,hip-hop,0.579,0.544,9,-5.193,1,0.352,0.292,7.41e-05,0.282,0.365,93.562,178040,4,Yeezus,3
